name,company,place,salary,education,experience,label,scale,href,key_word
物联网解决方案工程师,北京敢为数智科技有限公司,北京-丰台区,12-16k,统招本科,1-3年,,,https://www.liepin.com/job/1959177053.shtml,物联网
物联网云平台架构师,北京清晟智控科技有限公司,北京,20-30k,本科,3-5年,,,https://www.liepin.com/job/1958457309.shtml,物联网
物联网系统总体论证岗,北京东方计量测试研究所,北京-海淀区,薪资面议,硕士,3-5年,,,https://www.liepin.com/job/1956017883.shtml,物联网
物联网相关专业,九九智付(北京)科技有限公司,北京-丰台区,5-6k,大专,1年以下,,,https://www.liepin.com/job/1934629513.shtml,物联网
物联网渠道销售（物联网卡/通信设备）,北纬科技,北京,10-15k,大专,1-3年,,,https://www.liepin.com/job/1932957519.shtml,物联网
物联网产品经理（B2B）,北纬科技,北京,18-30k,本科,5-10年,,,https://www.liepin.com/job/1924463669.shtml,物联网
物联网渠道销售经理（物联网卡/通信模组）,北纬科技,北京,15-20k,大专,5-10年,,,https://www.liepin.com/job/1924311591.shtml,物联网
物联网负责人,大庆子胜科技有限公司,北京-朝阳区,50-80k·14薪,统招本科,5-10年,,,https://www.liepin.com/job/1917100953.shtml,物联网
物联网产品经理,北纬科技,北京,18-30k,本科,5-10年,,,https://www.liepin.com/job/1915771792.shtml,物联网
云产品总监（物联网）,北纬科技,北京,30-40k,统招本科,10年以上,,,https://www.liepin.com/job/1915652512.shtml,物联网
物联网技术经理,某北京互联网公司,北京,20-30k,大专,5-10年,,,https://www.liepin.com/a/69667091.shtml,物联网
工业物联网产品总监（国有控股公司）,携汇智联技术(北京)有限公司,北京-顺义区,30-50k,本科,经验不限,,,https://www.liepin.com/job/1978648211.shtml,物联网
物联网平台架构师,旭阳集团,北京-丰台区,18-30k,统招本科,5年以上,,,https://www.liepin.com/job/1975803137.shtml,物联网
工业物联网行业销售工程师,北京映翰通网络技术股份有限公司,北京-朝阳区,20-30k,统招本科,2年以上,,,https://www.liepin.com/job/1975626189.shtml,物联网
CC2530/ZigBee/物联网开发顾问,中软国际科技,北京-海淀区,13-20k,统招本科,3-5年,,,https://www.liepin.com/job/1972061375.shtml,物联网
物联网平台开发工程师(J10627),北京建院,北京-西城区,15-25k,统招本科,3年以上,,,https://www.liepin.com/job/1971791301.shtml,物联网
物联网工程师,北京雨根科技有限公司,北京-海淀区,15-20k,统招本科,3年以上,,,https://www.liepin.com/job/1971035261.shtml,物联网
物联网市场总监(TOB),北纬科技,北京,25-40k,本科,10年以上,,,https://www.liepin.com/job/1970472177.shtml,物联网
农业物联网设备实施工程师,北京中农蔚来科技有限公司,北京-海淀区,8-15k,大专,经验不限,,,https://www.liepin.com/job/1968113231.shtml,物联网
物联网专家,用友网络科技股份有限公司,北京-海淀区,20-40k,本科,5-10年,,,https://www.liepin.com/job/1959352055.shtml,物联网
物联网架构师,北京易二零环境股份有限公司,北京,20-25k,本科,3-5年,,,https://www.liepin.com/job/1951566453.shtml,物联网
,,,,,,,,https://www.liepin.com/job/1965478559.shtml,物联网
物联网产品经理,北京赤恒科技有限公司,北京-顺义区,20-40k·13薪,本科,经验不限,,,https://www.liepin.com/job/1950328507.shtml,物联网
物联网架构师,用友网络科技股份有限公司,北京-海淀区,30-50k,本科,10年以上,,,https://www.liepin.com/job/1949049095.shtml,物联网
,,,,,,,,https://www.liepin.com/job/1965912601.shtml,物联网
物联网市场人员,北京原真在线监测技术有限公司,北京-昌平区,6-10k,大专,1-3年,,,https://www.liepin.com/job/1947736557.shtml,物联网
物联网实施工程师,意泰柯科技(北京)有限公司,北京-丰台区,7-11k,大专,经验不限,,,https://www.liepin.com/job/1945471399.shtml,物联网
物联网后端架构师,北京太平宝迪科技发展有限公司,北京-丰台区,20-30k·13薪,本科,1-3年,,,https://www.liepin.com/job/1944772323.shtml,物联网
物联网行业客户销售经理,北纬科技,北京,20-35k,统招本科,5-10年,,,https://www.liepin.com/job/1938459055.shtml,物联网
物联网技术支持工程师,北京容域普达科技有限公司,北京-海淀区,6-12k,大专,1-3年,,,https://www.liepin.com/job/1933729085.shtml,物联网
物联网开发工程师,北京加油吧科技有限公司,北京-朝阳区,8-12k,本科,1-3年,,,https://www.liepin.com/job/1929624973.shtml,物联网
物联网渠道分销经理（网络设备）,北纬科技,北京,15-25k,大专,10年以上,,,https://www.liepin.com/job/1929276081.shtml,物联网
物联网产品经理,蜀海(北京)食品有限公司,北京-丰台区,13-21k,大专,1-3年,,,https://www.liepin.com/job/1923643763.shtml,物联网
物联网运营,广西东信易联科技有限公司,北京-海淀区,10-15k,本科,3-5年,,,https://www.liepin.com/job/1920456395.shtml,物联网
AI 产品经理（能源、物联网）,某北京大型运营商/增值服务公司,北京-通州区,20-30k,统招本科,5-10年,,,https://www.liepin.com/a/69749161.shtml,物联网
硬件产品经理（能源、物联网）,某北京大型运营商/增值服务公司,北京-通州区,20-30k,统招本科,5-10年,,,https://www.liepin.com/a/69748913.shtml,物联网
硬件产品经理（能源、物联网）,某北京大型运营商/增值服务公司,北京-通州区,20-30k,统招本科,5-10年,,,https://www.liepin.com/a/69748911.shtml,物联网
物联网芯片研发（射频电路设计/处理器内核开发/超低功耗设计等方向）,某国内电子/半导体/集成电路公司,北京,25-50k·15薪,博士,经验不限,,,https://www.liepin.com/a/69717145.shtml,物联网
AI产品经理(物联网、能源),某北京大型运营商/增值服务公司,北京,20-25k,统招本科,3-5年,,,https://www.liepin.com/a/69666535.shtml,物联网
销售工程师（工业物联网）,四信数字科技集团,北京-海淀区,10-15k,本科,3年以上,,,https://www.liepin.com/job/1979118441.shtml,物联网
在线办公/私活/物联网开发-农业行业,江东才俊(上海)科技有限公司,北京-海淀区,28-35k,大专,5-10年,,,https://www.liepin.com/job/1979064871.shtml,物联网
物联网解决方案助理,北京敢为数智科技有限公司,北京-丰台区,10-15k,本科,经验不限,,,https://www.liepin.com/job/1978819333.shtml,物联网
